id;name;url;ean;tags
1;Open-architected Savings;http://hipolito.com;User-centric 24/7 reintermediate;generating redundant
2;moratorium auxiliary;https://elliott.org;Chair static Sri;Accountability hacking convergence
3;Lari Awesome;https://darian.net;Tanzanian deposit Kentucky;Facilitator Assistant dedicated
4;Rubber multi-byte;https://grant.biz;Vermont feed;Garden granular Sports
5;grey;http://jerad.biz;clicks-and-mortar Savings;multimedia Metal Massachusetts
6;Re-engineered alarm;https://candido.org;African;architect
7;Ball encompassing;https://penelope.com;drive lavender;Brand
8;Dynamic whiteboard Bedfordshire;https://rodrigo.name;Incredible Intelligent Group;Operations ADP
9;Cheese IB;http://tyrel.info;Shirt contextually-based Shirt;Steel
10;whiteboard Outdoors North;http://lera.com;HDD invoice;partnerships Algeria
